charity_name,abn,charity_size,registration_date,register_website,address_line_1,town_city,state,postcode,email,phone,profile_website,source,profile_url
His House Incorporated,20160089146,Small,03/12/2012,https://www.hishouse.org.au,54 Bridge St,Picton,NSW,2571,,,,ACNC Enhanced,Not found
Wollondilly Support And Community Care Inc.,31813620832,Medium,03/12/2012,https://iccare.org.au/,65 Menangle St,Picton,NSW,2571,,,,ACNC Enhanced,Not found
COUNTRY RESILIENCE (WOLLONDILLY) LTD,31685976890,,04/04/2025,https://www.countryresilience.org.au,36 Menangle St,Picton,NSW,2571,,,,ACNC Enhanced,Not found
His House Care Incorporated,24799245650,Small,03/12/2012,https://www.hishouse.org.au,54 Bridge St,Picton,NSW,2571,,,,ACNC Enhanced,Not found
Picton High School P & C Association,43979176197,Small,03/12/2012,https://picton-h.schools.nsw.gov.au/,Picton High School,Picton,NSW,2571,,,,ACNC Enhanced,Not found
Wollondilly Anglican Church,36255906764,Small,03/12/2012,https://wollondillyanglican.org,Hse 9 150 Abbotsford Rd,Picton,NSW,2571,,,,ACNC Enhanced,Not found
PICTON PUBLIC SCHOOL PARENTS AND CITIZENS ASSOCIATION,53211664165,Small,03/12/2012,https://www.facebook.com/profile.php?id=100054507277977,27 Lumsdaine St,Picton,NSW,2571,,,,ACNC Enhanced,Not found
Parish of Picton & Wilton Anglican,65970402916,Small,03/12/2012,https://pwac.org.au,7 Menangle St W,Picton,NSW,2571,,,,ACNC Enhanced,Not found
Picton Primary School Parents And Citizens Association Inc,88199821658,Small,03/12/2012,,Picton Primary School,Glen Iris,WA,6230,,,,ACNC Enhanced,Not found
UCA - Wollondilly Congregation,58826505693,Small,03/12/2012,,Po Box 840,Picton,NSW,2571,,,,ACNC Enhanced,Not found
Wollondilly Arts Group Inc,17612808080,,03/12/2012,http://www.wollondillyartsgroup.com.au,Po Box 799,Picton,NSW,2571,,,,ACNC Enhanced,Not found
Australian Mariners' Welfare Society,86000008122,Small,03/12/2012,https://www.marinerswelfare.com,PO Box 61,Picton,NSW,2571,,,,ACNC Enhanced,Not found
